,therapy_comb,AUC,AUPR,F1,Acc
5,Chemotherapy_Chemotherapy,0.741100962,0.360813481,0.373023433,0.823600354
0,Chemotherapy_Other,0.730592767,0.43873533,0.436927975,0.858881021
3,Chemotherapy_Targeted therapy,0.835544589,0.568290277,0.560909583,0.873380172
1,Other_Other,0.697216281,0.219466442,0.286085826,0.759632224
4,Targeted therapy_Other,0.766135124,0.302870957,0.380487805,0.923123487
2,Targeted therapy_Targeted therapy,0.515652174,0.02172678,0.06779661,0.765957447
,,,,,
,,,,,
