,therapy_comb,AUC,AUPR,F1,Acc
1,Chemotherapy_Chemotherapy,0.743769389,0.316697243,0.369274005,0.819553507
3,Chemotherapy_Other,0.720018878,0.30467192,0.366004963,0.796150394
4,Chemotherapy_Targeted therapy,0.764957095,0.374500156,0.461893764,0.818110851
5,Other_Other,0.660953402,0.150189042,0.266666667,0.566549912
2,Targeted therapy_Other,0.613618985,0.105346748,0.20969023,0.397699758
0,Targeted therapy_Targeted therapy,0.770434783,0.049838301,0.142857143,0.94893617
,,,,,
,,,,,
,,,,,
