,therapy_comb,AUC,AUPR,F1,Acc
2,Chemotherapy_Chemotherapy,0.781591833,0.418502873,0.421653144,0.877736982
1,Chemotherapy_Other,0.788764535,0.472818286,0.468317553,0.854393139
3,Chemotherapy_Targeted therapy,0.852718913,0.59347695,0.560423688,0.857455113
0,Other_Other,0.720059184,0.259673728,0.329078014,0.79290718
4,Targeted therapy_Other,0.787864885,0.313149541,0.362694301,0.925544794
5,Targeted therapy_Targeted therapy,0.607826087,0.024685787,0.067567568,0.412765957
,,,,,
,,,,,
