,therapy_comb,AUC,AUPR,F1,Acc
5,Chemotherapy_Chemotherapy,0.81260327,0.458954257,0.460789861,0.872296519
0,Chemotherapy_Other,0.811071763,0.495517172,0.478878057,0.848060237
1,Chemotherapy_Targeted therapy,0.875011546,0.635819582,0.598569969,0.877283372
4,Other_Other,0.756456111,0.292755904,0.353982301,0.744308231
3,Targeted therapy_Other,0.80303262,0.393072622,0.4296875,0.911622276
2,Targeted therapy_Targeted therapy,0.712173913,0.043417998,0.148148148,0.90212766
,,,,,
,,,,,
