,therapy_comb,AUC,AUPR,F1,Acc
2,Chemotherapy_Chemotherapy,0.7715817,0.358133218,0.391330166,0.835178088
1,Chemotherapy_Other,0.723134912,0.331425892,0.371868397,0.792460357
3,Chemotherapy_Targeted therapy,0.795774081,0.447854137,0.462522852,0.816393443
0,Other_Other,0.681854648,0.184692573,0.274193548,0.645359019
5,Targeted therapy_Other,0.632651643,0.156997549,0.203389831,0.886198547
4,Targeted therapy_Targeted therapy,0.7,0.042149463,0.117647059,0.936170213
,,,,,
,,,,,
