,therapy_comb,AUC,AUPR,F1,Acc
1,Chemotherapy_Chemotherapy,0.678978282,0.239172938,0.296677918,0.787795138
0,Chemotherapy_Other,0.6713303,0.275430119,0.318536642,0.708337489
3,Chemotherapy_Targeted therapy,0.745542738,0.399707889,0.41037376,0.758626073
4,Other_Other,0.622156823,0.156760912,0.23929471,0.735551664
5,Targeted therapy_Other,0.703063669,0.201870568,0.265682657,0.879539952
2,Targeted therapy_Targeted therapy,0.566086957,0.034146641,0.166666667,0.957446809
,,,,,
,,,,,
