,therapy_comb,AUC,AUPR,F1,Acc
3,Chemotherapy_Chemotherapy,0.69829512,0.259450758,0.321388674,0.788357945
0,Chemotherapy_Other,0.700682477,0.285014708,0.346390599,0.767029022
4,Chemotherapy_Targeted therapy,0.784627573,0.439020066,0.459109312,0.791412959
1,Other_Other,0.632911084,0.206130819,0.258389262,0.80647986
2,Targeted therapy_Other,0.678428265,0.167437634,0.242307692,0.761501211
5,Targeted therapy_Targeted therapy,0.46,0.018795727,0.067567568,0.412765957
,,,,,
,,,,,
,,,,,
