,therapy_comb,AUC,AUPR,F1,Acc
3,Chemotherapy_Chemotherapy,0.795678124,0.377610781,0.417009602,0.851928282
4,Chemotherapy_Other,0.754176542,0.341515094,0.384544899,0.799042585
0,Chemotherapy_Targeted therapy,0.817594524,0.473167935,0.480654762,0.782045277
5,Other_Other,0.741012221,0.24199105,0.332859175,0.794658494
1,Targeted therapy_Other,0.688169352,0.17651667,0.240112994,0.67433414
2,Targeted therapy_Targeted therapy,0.81826087,0.116961528,0.363636364,0.970212766
,,,,,
,,,,,
,,,,,
