,therapy_comb,AUC,AUPR,F1,Acc
3,Chemotherapy_Chemotherapy,0.825956327,0.465803254,0.46075458,0.880872618
0,Chemotherapy_Other,0.831012096,0.50478744,0.49407846,0.863668096
1,Chemotherapy_Targeted therapy,0.888298629,0.651233811,0.623298033,0.883372365
5,Other_Other,0.790814907,0.305140589,0.374311927,0.850700525
2,Targeted therapy_Other,0.819785251,0.3565699,0.45112782,0.911622276
4,Targeted therapy_Targeted therapy,0.822173913,0.096530303,0.272727273,0.931914894
,,,,,
,,,,,
