,therapy_comb,AUC,AUPR,F1,Acc
0,Chemotherapy_Chemotherapy,0.720262647,0.330879499,0.362038664,0.844343794
3,Chemotherapy_Other,0.730901634,0.418865134,0.430458716,0.845217912
1,Chemotherapy_Targeted therapy,0.852384987,0.579413105,0.568421053,0.87197502
2,Other_Other,0.687972086,0.190873655,0.297699594,0.772767075
5,Targeted therapy_Other,0.746810512,0.264098896,0.342857143,0.874697337
4,Targeted therapy_Targeted therapy,0.546956522,0.025442777,0.090909091,0.744680851
,,,,,
,,,,,
