,therapy_comb,AUC,AUPR,F1,Acc
5,Chemotherapy_Chemotherapy,0.816567107,0.434264173,0.439290587,0.845791011
1,Chemotherapy_Other,0.818429938,0.492039772,0.470357393,0.811558791
0,Chemotherapy_Targeted therapy,0.869497603,0.61930918,0.583589744,0.873224044
3,Other_Other,0.74699358,0.275233785,0.355704698,0.831873905
4,Targeted therapy_Other,0.801850899,0.341372148,0.373443983,0.908595642
2,Targeted therapy_Targeted therapy,0.582608696,0.023598299,0.078125,0.49787234
,,,,,
,,,,,
