,therapy_comb,AUC,AUPR,F1,Acc
4,Chemotherapy_Chemotherapy,0.749713956,0.286168067,0.350134002,0.798542063
0,Chemotherapy_Other,0.712348246,0.290637453,0.340868397,0.706293009
2,Chemotherapy_Targeted therapy,0.811976331,0.43585799,0.474772539,0.801717408
5,Other_Other,0.649490315,0.185205795,0.260981912,0.749562172
1,Targeted therapy_Other,0.745536107,0.211980134,0.283707865,0.691283293
3,Targeted therapy_Targeted therapy,0.639130435,0.039402415,0.142857143,0.94893617
,,,,,
,,,,,
