,therapy_comb,AUC,AUPR,F1,Acc
1,Chemotherapy_Chemotherapy,0.843080125,0.515902625,0.497306357,0.887465495
5,Chemotherapy_Other,0.855302976,0.586205152,0.548696845,0.885160068
2,Chemotherapy_Targeted therapy,0.900653594,0.695656557,0.647294589,0.89008587
0,Other_Other,0.789421626,0.345217693,0.397260274,0.845884413
3,Targeted therapy_Other,0.819669396,0.457594786,0.463414634,0.920096852
4,Targeted therapy_Targeted therapy,0.7605233,0.05284444,0.2,0.965957447
