,therapy_comb,AUC,AUPR,F1,Acc
0,Chemotherapy_Chemotherapy,0.780838034,0.367166449,0.405982054,0.840323748
5,Chemotherapy_Other,0.746493513,0.379654288,0.395620876,0.799042585
4,Chemotherapy_Targeted therapy,0.842099978,0.526712924,0.528807503,0.835284934
3,Other_Other,0.743569277,0.308861307,0.363333333,0.832749562
2,Targeted therapy_Other,0.703313916,0.161122818,0.248157248,0.629539952
1,Targeted therapy_Targeted therapy,0.725217391,0.05917493,0.113636364,0.668085106
