,therapy_comb,AUC,AUPR,F1,Acc
1,Chemotherapy_Chemotherapy,0.722836035,0.349353871,0.362662808,0.881971431
5,Chemotherapy_Other,0.753620735,0.440423922,0.427096774,0.867158672
0,Chemotherapy_Targeted therapy,0.837539999,0.589187416,0.563702548,0.869008587
3,Other_Other,0.69827749,0.20125117,0.275971451,0.600262697
4,Targeted therapy_Other,0.7232039,0.260501825,0.309037901,0.85653753
2,Targeted therapy_Targeted therapy,0.690434783,0.033339995,0.111111111,0.931914894
