,therapy_comb,AUC,AUPR,F1,Acc
4,Chemotherapy_Chemotherapy,0.778811561,0.383613255,0.412869221,0.856698738
1,Chemotherapy_Other,0.791516666,0.450488633,0.462570986,0.84427047
2,Chemotherapy_Targeted therapy,0.857183744,0.59122696,0.565916399,0.8735363
0,Other_Other,0.748320853,0.268070708,0.317010309,0.767950963
5,Targeted therapy_Other,0.757110021,0.234519122,0.331491713,0.853510896
3,Targeted therapy_Targeted therapy,0.624782609,0.025278243,0.06097561,0.344680851
,,,,,
,,,,,
