,therapy_comb,AUC,AUPR,F1,Acc
3,Chemotherapy_Chemotherapy,0.748613679,0.389547949,0.387974545,0.850507866
5,Chemotherapy_Other,0.756246689,0.486618549,0.477042338,0.868804229
4,Chemotherapy_Targeted therapy,0.852938719,0.616561743,0.596348884,0.875722092
2,Other_Other,0.742501975,0.265734769,0.361445783,0.814360771
1,Targeted therapy_Other,0.746136236,0.353915968,0.396825397,0.907990315
0,Targeted therapy_Targeted therapy,0.425217391,0.016335382,0.041666667,0.021276596
